<?xml version="1.0" encoding="UTF-8"?>
<beans xmlns="http://www.springframework.org/schema/beans"
       xmlns:xsi="http://www.w3.org/2001/XMLSchema-instance"
       xsi:schemaLocation="http://www.springframework.org/schema/beans http://www.springframework.org/schema/beans/spring-beans.xsd">

    <bean id="app" class="org.example.App"/>

    <bean id="hamd" class="org.example.Hamd">
        <constructor-arg value="Hamd Title"/>
        <constructor-arg value="Hamd Artist"/>
        <constructor-arg value="180"/> <!-- duration in seconds -->
    </bean>

    <bean id="naat" class="org.example.Naat">
        <constructor-arg value="Naat Title"/>
        <constructor-arg value="Naat Artist"/>
        <constructor-arg value="240"/> <!-- duration in seconds -->
    </bean>

    <bean id="mp3Player" class="org.example.MP3Player">
        <property name="hamd">
            <bean class="org.example.Hamd">
                <constructor-arg value="Hamd Title"/>
                <constructor-arg value="Hamd Artist"/>
                <constructor-arg value="180"/> <!-- duration in seconds -->
            </bean>
        </property>
        <property name="naat">
            <bean class="org.example.Naat">
                <constructor-arg value="Naat Title"/>
                <constructor-arg value="Naat Artist"/>
                <constructor-arg value="240"/> <!-- duration in seconds -->
            </bean>
        </property>
    </bean>
</beans>