<?xml version="1.0" encoding="UTF-8"?>
<beans xmlns="http://www.springframework.org/schema/beans"
       xmlns:xsi="http://www.w3.org/2001/XMLSchema-instance"
       xsi:schemaLocation="http://www.springframework.org/schema/beans http://www.springframework.org/schema/beans/spring-beans.xsd">

<!-- Setter Injection -->
    <bean id="espresso" class="org.example.Espresso">
        <property name="type" value="Espresso"/>
        <property name="size" value="Regular"/>
        <property name="price" value="2.0"/>
    </bean>
    <bean id="latte" class="org.example.Latte">
        <property name="type" value="Latte"/>
        <property name="size" value="Large"/>
        <property name="price" value="3.5"/>
    </bean>
<!-- Autowiring -->
    <bean id="coffeeShop" class="org.example.CoffeeShop">
        <property name="coffee">
            <bean id="coffee" class="org.example.Espresso">
                <property name="type" value="Mocha"/>
                <property name="size" value="Venti"/>
                <property name="price" value="4.99"/>
            </bean>
        </property>
    </bean>
</beans>